Data_ID,Data_Type,System/Component,Purpose,Classification,Storage_Location,Access/Recipients,Retention,Security_Controls,Notes
D-001,User accounts (email/role assignment),Meta DB,Authentication/authorization,Confidential,Meta PostgreSQL (sdg_meta),Admins only,12 months (baseline),RBAC + audit logging,Adjust retention per org policy
D-002,OTP secret ciphertext (otp_secret_enc),Meta DB,TOTP MFA,Restricted,Meta PostgreSQL (sdg_meta),Admins only,Until account deletion (baseline),Encrypted at rest (Fernet) + least privilege,Never export ciphertext publicly
D-003,Target DB credential ciphertext (password_enc),Meta DB,Target connectivity,Restricted,Meta PostgreSQL (sdg_meta),Admins only,Until target removed (baseline),Encrypted at rest (Fernet) + least privilege,Never export ciphertext publicly
D-004,Query templates,Meta DB,Approved query definitions,Confidential,Meta PostgreSQL (sdg_meta),Admins + authorized roles,Until deprecated,Access control + audit logging,Sanitize before public sharing if needed
D-005,RBAC grants (role_targets/role_templates),Meta DB,Authorization configuration,Confidential,Meta PostgreSQL (sdg_meta),Admins only,12 months (baseline),Access control + audit logging,Export for evidence with host/IP redaction if needed
D-006,Request audit logs (audit_logs),Meta DB,Traceability,Confidential,Meta PostgreSQL (sdg_meta),Admins only,12 months (baseline),Access control + logging,Export sanitized columns only
D-007,Query execution history (query_runs),Meta DB,Traceability + troubleshooting,Confidential,Meta PostgreSQL (sdg_meta),Admins only,12 months (baseline),Access control + logging,Export sanitized columns only (no params/tracebacks)
D-008,Integrity snapshots (integrity_snapshots),Meta DB,Integrity verification,Confidential,Meta PostgreSQL (sdg_meta),Admins only,12 months (baseline),Access control + audit logging,Export limited fields for evidence
D-009,Query results (from target DB),Gateway response,Provide read-only results to user,Confidential (may be Restricted depending on target data),In-memory response to client,Authorized user only,Not stored by default (baseline),RBAC + query safety + limits,If stored later, add retention and DPIA update
